<?xml version="1.0"?>
<metadata xml:lang="pt"><Esri><CreaDate>20110727</CreaDate><CreaTime>14311800</CreaTime><ArcGISFormat>1.0</ArcGISFormat><ArcGISstyle>INSPIRE Metadata Directive</ArcGISstyle><SyncOnce>FALSE</SyncOnce><DataProperties><itemProps><itemName Sync="TRUE">mamiferos</itemName><imsContentType Sync="TRUE">002</imsContentType><itemLocation><linkage Sync="TRUE">file://\\CDDI-GETEC\C$\download\mamiferos.shp</linkage><protocol Sync="TRUE">Local Area Network</protocol></itemLocation><itemSize Sync="TRUE">0,000</itemSize></itemProps><coordRef><type Sync="TRUE">Geographic</type><geogcsn Sync="TRUE">GCS_SIRGAS_2000</geogcsn><peXml Sync="TRUE">&lt;GeographicCoordinateSystem xsi:type='typens:GeographicCoordinateSystem' xmlns:xsi='http://www.w3.org/2001/XMLSchema-instance' xmlns:xs='http://www.w3.org/2001/XMLSchema' xmlns:typens='http://www.esri.com/schemas/ArcGIS/10.0'&gt;&lt;WKT&gt;GEOGCS[&amp;quot;GCS_SIRGAS_2000&amp;quot;,DATUM[&amp;quot;D_SIRGAS_2000&amp;quot;,SPHEROID[&amp;quot;GRS_1980&amp;quot;,6378137.0,298.257222101]],PRIMEM[&amp;quot;Greenwich&amp;quot;,0.0],UNIT[&amp;quot;Degree&amp;quot;,0.0174532925199433],AUTHORITY[&amp;quot;EPSG&amp;quot;,4674]]&lt;/WKT&gt;&lt;XOrigin&gt;-399.99999999999989&lt;/XOrigin&gt;&lt;YOrigin&gt;-399.99999999999989&lt;/YOrigin&gt;&lt;XYScale&gt;11258999068426.24&lt;/XYScale&gt;&lt;ZOrigin&gt;-100000&lt;/ZOrigin&gt;&lt;ZScale&gt;10000&lt;/ZScale&gt;&lt;MOrigin&gt;-100000&lt;/MOrigin&gt;&lt;MScale&gt;10000&lt;/MScale&gt;&lt;XYTolerance&gt;8.9831528411952117e-009&lt;/XYTolerance&gt;&lt;ZTolerance&gt;0.001&lt;/ZTolerance&gt;&lt;MTolerance&gt;0.001&lt;/MTolerance&gt;&lt;HighPrecision&gt;true&lt;/HighPrecision&gt;&lt;LeftLongitude&gt;-180&lt;/LeftLongitude&gt;&lt;WKID&gt;4674&lt;/WKID&gt;&lt;/GeographicCoordinateSystem&gt;</peXml></coordRef><lineage><Process ToolSource="C:\Arquivos de programas\ArcGIS\Desktop10.0\ArcToolbox\Toolboxes\Data Management Tools.tbx\CopyFeatures" Date="20110527" Time="112134">CopyFeatures C:\PROJETOS\02C_0024_IBGE\3-Execução\Dados\Fontes_IBGE\shapefiles\temas\aves_new.shp C:\PROJETOS\02C_0024_IBGE\3-Execução\Dados\Fontes_IBGE\Mapa_Interativo.gdb\Geo_SAD69\aves_new # 0 0 0</Process><Process ToolSource="C:\Arquivos de programas\ArcGIS\Desktop10.0\ArcToolbox\Toolboxes\Data Management Tools.tbx\Merge" Date="20110527" Time="121817">Merge C:\PROJETOS\02C_0024_IBGE\3-Execução\Dados\Fontes_IBGE\DADOS_FINAIS\Mapa_Interativo.gdb\Geo_SAD69\aves_new;C:\PROJETOS\02C_0024_IBGE\3-Execução\Dados\Fontes_IBGE\DADOS_FINAIS\Mapa_Interativo.gdb\Geo_SAD69\crustaceos;C:\PROJETOS\02C_0024_IBGE\3-Execução\Dados\Fontes_IBGE\DADOS_FINAIS\Mapa_Interativo.gdb\Geo_SAD69\insetos;C:\PROJETOS\02C_0024_IBGE\3-Execução\Dados\Fontes_IBGE\DADOS_FINAIS\Mapa_Interativo.gdb\Geo_SAD69\mammalia;C:\PROJETOS\02C_0024_IBGE\3-Execução\Dados\Fontes_IBGE\DADOS_FINAIS\Mapa_Interativo.gdb\Geo_SAD69\peixes;C:\PROJETOS\02C_0024_IBGE\3-Execução\Dados\Fontes_IBGE\DADOS_FINAIS\Mapa_Interativo.gdb\Geo_SAD69\reptilla;C:\PROJETOS\02C_0024_IBGE\3-Execução\Dados\Fontes_IBGE\DADOS_FINAIS\Mapa_Interativo.gdb\Geo_SAD69\anfibios C:\PROJETOS\02C_0024_IBGE\3-Execução\Dados\Fontes_IBGE\DADOS_FINAIS\Mapa_Interativo.gdb\Geo_SAD69\animais_fauna "ID "ID" true true false 4 Long 0 0 ,First,#,C:\PROJETOS\02C_0024_IBGE\3-Execução\Dados\Fontes_IBGE\DADOS_FINAIS\Mapa_Interativo.gdb\Geo_SAD69\aves_new,ID,-1,-1;CLASSE "CLASSE" true true false 50 Text 0 0 ,First,#,C:\PROJETOS\02C_0024_IBGE\3-Execução\Dados\Fontes_IBGE\DADOS_FINAIS\Mapa_Interativo.gdb\Geo_SAD69\aves_new,CLASSE,-1,-1,C:\PROJETOS\02C_0024_IBGE\3-Execução\Dados\Fontes_IBGE\DADOS_FINAIS\Mapa_Interativo.gdb\Geo_SAD69\crustaceos,CLASSE,-1,-1,C:\PROJETOS\02C_0024_IBGE\3-Execução\Dados\Fontes_IBGE\DADOS_FINAIS\Mapa_Interativo.gdb\Geo_SAD69\insetos,CLASSE,-1,-1,C:\PROJETOS\02C_0024_IBGE\3-Execução\Dados\Fontes_IBGE\DADOS_FINAIS\Mapa_Interativo.gdb\Geo_SAD69\mammalia,CLASSE,-1,-1,C:\PROJETOS\02C_0024_IBGE\3-Execução\Dados\Fontes_IBGE\DADOS_FINAIS\Mapa_Interativo.gdb\Geo_SAD69\peixes,CLASSE,-1,-1,C:\PROJETOS\02C_0024_IBGE\3-Execução\Dados\Fontes_IBGE\DADOS_FINAIS\Mapa_Interativo.gdb\Geo_SAD69\reptilla,CLASSE,-1,-1,C:\PROJETOS\02C_0024_IBGE\3-Execução\Dados\Fontes_IBGE\DADOS_FINAIS\Mapa_Interativo.gdb\Geo_SAD69\anfibios,CLASSE,-1,-1;ORDEM "ORDEM" true true false 50 Text 0 0 ,First,#,C:\PROJETOS\02C_0024_IBGE\3-Execução\Dados\Fontes_IBGE\DADOS_FINAIS\Mapa_Interativo.gdb\Geo_SAD69\aves_new,ORDEM,-1,-1,C:\PROJETOS\02C_0024_IBGE\3-Execução\Dados\Fontes_IBGE\DADOS_FINAIS\Mapa_Interativo.gdb\Geo_SAD69\crustaceos,ORDEM,-1,-1,C:\PROJETOS\02C_0024_IBGE\3-Execução\Dados\Fontes_IBGE\DADOS_FINAIS\Mapa_Interativo.gdb\Geo_SAD69\insetos,ORDEM,-1,-1,C:\PROJETOS\02C_0024_IBGE\3-Execução\Dados\Fontes_IBGE\DADOS_FINAIS\Mapa_Interativo.gdb\Geo_SAD69\mammalia,ORDEM,-1,-1,C:\PROJETOS\02C_0024_IBGE\3-Execução\Dados\Fontes_IBGE\DADOS_FINAIS\Mapa_Interativo.gdb\Geo_SAD69\peixes,ORDEM,-1,-1,C:\PROJETOS\02C_0024_IBGE\3-Execução\Dados\Fontes_IBGE\DADOS_FINAIS\Mapa_Interativo.gdb\Geo_SAD69\reptilla,ORDEM,-1,-1,C:\PROJETOS\02C_0024_IBGE\3-Execução\Dados\Fontes_IBGE\DADOS_FINAIS\Mapa_Interativo.gdb\Geo_SAD69\anfibios,ORDEM,-1,-1;FAMILIA "FAMILIA" true true false 50 Text 0 0 ,First,#,C:\PROJETOS\02C_0024_IBGE\3-Execução\Dados\Fontes_IBGE\DADOS_FINAIS\Mapa_Interativo.gdb\Geo_SAD69\aves_new,FAMILIA,-1,-1,C:\PROJETOS\02C_0024_IBGE\3-Execução\Dados\Fontes_IBGE\DADOS_FINAIS\Mapa_Interativo.gdb\Geo_SAD69\crustaceos,FAMILIA,-1,-1,C:\PROJETOS\02C_0024_IBGE\3-Execução\Dados\Fontes_IBGE\DADOS_FINAIS\Mapa_Interativo.gdb\Geo_SAD69\insetos,FAMILIA,-1,-1,C:\PROJETOS\02C_0024_IBGE\3-Execução\Dados\Fontes_IBGE\DADOS_FINAIS\Mapa_Interativo.gdb\Geo_SAD69\mammalia,FAMILIA,-1,-1,C:\PROJETOS\02C_0024_IBGE\3-Execução\Dados\Fontes_IBGE\DADOS_FINAIS\Mapa_Interativo.gdb\Geo_SAD69\peixes,FAMILIA,-1,-1,C:\PROJETOS\02C_0024_IBGE\3-Execução\Dados\Fontes_IBGE\DADOS_FINAIS\Mapa_Interativo.gdb\Geo_SAD69\reptilla,FAMILIA,-1,-1,C:\PROJETOS\02C_0024_IBGE\3-Execução\Dados\Fontes_IBGE\DADOS_FINAIS\Mapa_Interativo.gdb\Geo_SAD69\anfibios,FAMILIA,-1,-1;LISTA2 "LISTA2" true true false 100 Text 0 0 ,First,#,C:\PROJETOS\02C_0024_IBGE\3-Execução\Dados\Fontes_IBGE\DADOS_FINAIS\Mapa_Interativo.gdb\Geo_SAD69\aves_new,LISTA2,-1,-1;ESPECIES "ESPECIES" true true false 50 Text 0 0 ,First,#,C:\PROJETOS\02C_0024_IBGE\3-Execução\Dados\Fontes_IBGE\DADOS_FINAIS\Mapa_Interativo.gdb\Geo_SAD69\crustaceos,ESPECIES,-1,-1,C:\PROJETOS\02C_0024_IBGE\3-Execução\Dados\Fontes_IBGE\DADOS_FINAIS\Mapa_Interativo.gdb\Geo_SAD69\insetos,ESPECIES,-1,-1,C:\PROJETOS\02C_0024_IBGE\3-Execução\Dados\Fontes_IBGE\DADOS_FINAIS\Mapa_Interativo.gdb\Geo_SAD69\mammalia,ESPECIES,-1,-1,C:\PROJETOS\02C_0024_IBGE\3-Execução\Dados\Fontes_IBGE\DADOS_FINAIS\Mapa_Interativo.gdb\Geo_SAD69\peixes,ESPECIES,-1,-1,C:\PROJETOS\02C_0024_IBGE\3-Execução\Dados\Fontes_IBGE\DADOS_FINAIS\Mapa_Interativo.gdb\Geo_SAD69\reptilla,ESPECIES,-1,-1,C:\PROJETOS\02C_0024_IBGE\3-Execução\Dados\Fontes_IBGE\DADOS_FINAIS\Mapa_Interativo.gdb\Geo_SAD69\anfibios,ESPECIES,-1,-1"</Process><Process ToolSource="C:\Arquivos de programas\ArcGIS\Desktop10.0\ArcToolbox\Toolboxes\Data Management Tools.tbx\CopyFeatures" Date="20111121" Time="075918">CopyFeatures "Database Connections\servmapas.sde\SIGBRDATA.Escala_5M\SIGBRDATA.mamiferos" C:\download\mamiferos.shp # 0 0 0</Process></lineage></DataProperties><SyncDate>20111121</SyncDate><SyncTime>07591500</SyncTime><ModDate>20111121</ModDate><ModTime>07591500</ModTime></Esri><dataIdInfo><envirDesc Sync="TRUE">Microsoft Windows XP Version 5.1 (Build 2600) Service Pack 3; ESRI ArcGIS 10.0.2.3200</envirDesc><dataLang><languageCode value="pt" country="BR"></languageCode></dataLang><idCitation><resTitle Sync="TRUE">mamiferos</resTitle><presForm><PresFormCd value="005"></PresFormCd></presForm></idCitation><descKeys><thesaName uuidref="723f6998-058e-11dc-8314-0800200c9a66"></thesaName><keyword Sync="TRUE">002</keyword></descKeys><spatRpType><SpatRepTypCd value="001"></SpatRepTypCd></spatRpType></dataIdInfo><mdLang><languageCode value="pt"></languageCode></mdLang><distInfo><distFormat><formatName Sync="TRUE">Shapefile</formatName></distFormat><distTranOps><transSize Sync="TRUE">0,000</transSize></distTranOps></distInfo><mdHrLv><ScopeCd value="005"></ScopeCd></mdHrLv><mdHrLvName Sync="TRUE">dataset</mdHrLvName><refSysInfo><RefSystem><refSysID><identCode code="4674"></identCode><idCodeSpace Sync="TRUE">EPSG</idCodeSpace><idVersion Sync="TRUE">7.4.1</idVersion></refSysID></RefSystem></refSysInfo><spdoinfo><ptvctinf><esriterm Name="mamiferos"><efeatyp Sync="TRUE">Simple</efeatyp><efeageom Sync="TRUE">1</efeageom><esritopo Sync="TRUE">FALSE</esritopo><efeacnt Sync="TRUE">0</efeacnt><spindex Sync="TRUE">FALSE</spindex><linrefer Sync="TRUE">FALSE</linrefer></esriterm></ptvctinf></spdoinfo><spatRepInfo><VectSpatRep><topLvl><TopoLevCd value="001"></TopoLevCd></topLvl><geometObjs><geoObjTyp><GeoObjTypCd value="004"></GeoObjTypCd><geoObjCnt Sync="TRUE">0</geoObjCnt></geoObjTyp></geometObjs></VectSpatRep></spatRepInfo><eainfo><detailed Name="mamiferos"><enttyp><enttypl Sync="TRUE">mamiferos</enttypl><enttypt Sync="TRUE">Feature Class</enttypt><enttypc Sync="TRUE">0</enttypc></enttyp><attr><attrlabl Sync="TRUE">FID</attrlabl><attalias Sync="TRUE">FID</attalias><attrtype Sync="TRUE">OID</attrtype><attwidth Sync="TRUE">4</attwidth><atprecis Sync="TRUE">0</atprecis><attscale Sync="TRUE">0</attscale><attrdef Sync="TRUE">Internal feature number.</attrdef><attrdefs Sync="TRUE">ESRI</attrdefs><attrdomv><udom Sync="TRUE">Sequential unique whole numbers that are automatically generated.</udom></attrdomv></attr><attr><attrlabl Sync="TRUE">Shape</attrlabl><attalias Sync="TRUE">Shape</attalias><attrtype Sync="TRUE">Geometry</attrtype><attwidth Sync="TRUE">0</attwidth><atprecis Sync="TRUE">0</atprecis><attscale Sync="TRUE">0</attscale><attrdef Sync="TRUE">Feature geometry.</attrdef><attrdefs Sync="TRUE">ESRI</attrdefs><attrdomv><udom Sync="TRUE">Coordinates defining the features.</udom></attrdomv></attr><attr><attrlabl Sync="TRUE">CLASSE</attrlabl><attalias Sync="TRUE">CLASSE</attalias><attrtype Sync="TRUE">String</attrtype><attwidth Sync="TRUE">50</attwidth><atprecis Sync="TRUE">0</atprecis><attscale Sync="TRUE">0</attscale></attr><attr><attrlabl Sync="TRUE">ORDEM</attrlabl><attalias Sync="TRUE">ORDEM</attalias><attrtype Sync="TRUE">String</attrtype><attwidth Sync="TRUE">50</attwidth><atprecis Sync="TRUE">0</atprecis><attscale Sync="TRUE">0</attscale></attr><attr><attrlabl Sync="TRUE">FAMILIA</attrlabl><attalias Sync="TRUE">FAMILIA</attalias><attrtype Sync="TRUE">String</attrtype><attwidth Sync="TRUE">50</attwidth><atprecis Sync="TRUE">0</atprecis><attscale Sync="TRUE">0</attscale></attr><attr><attrlabl Sync="TRUE">ESPECIES</attrlabl><attalias Sync="TRUE">ESPECIES</attalias><attrtype Sync="TRUE">String</attrtype><attwidth Sync="TRUE">50</attwidth><atprecis Sync="TRUE">0</atprecis><attscale Sync="TRUE">0</attscale></attr></detailed></eainfo><mdDateSt Sync="TRUE">20111121</mdDateSt></metadata>
